{"orLow":12201.45,"orHigh":12223.4,"fibonacciLevels":{"call":[12236.9651,12258.915099999998,12280.865099999997,12294.430199999995],"put":[12187.884900000001,12165.934900000002,12143.984900000003,12130.419800000005]},"time":"2019-12-19T09:15:00+0530"}