{"rsi":45.99897178697668,"previousRSI":74.1750194322977,"time":1617162300000}