{"orLow":12070.85,"orHigh":12093.6,"fibonacciLevels":{"call":[12107.6595,12130.4095,12153.1595,12167.219000000001],"put":[12056.790500000001,12034.040500000001,12011.290500000001,11997.231]},"time":"2019-12-17T09:15:00+0530"}