{"orLow":12095.8,"orHigh":12175.45,"fibonacciLevels":{"call":[12193.990000000002,12223.990000000002,12253.990000000002,12272.53],"put":[12077.259999999998,12047.259999999998,12017.259999999998,11998.72]},"time":1578282300000}