{
  "1": {
    "13": { "call": [0, 0, 0, 3.1999999999999886] },
    "14": { "call": [0, 0, 0, 0] },
    "total": 3.1999999999999886
  },
  "4": {
    "10": { "call": [0, 0, 0, 0, 0, 0, 0] },
    "11": { "call": [0, 0, 0, 0, 0, 0, 0, -4.200000000000017] },
    "12": { "call": [0, 0, 0, 0, 0, 0, 0, 0, 0, 0] },
    "13": { "call": [0, 0, 0, 0, 0] },
    "14": {
      "call": [
        0,
        12.549999999999983,
        0,
        4.550000000000011,
        -0.39999999999997726,
        0
      ]
    },
    "total": 12.5
  },
  "5": {
    "10": { "call": [0, 0, 0, 0, 0, 0] },
    "11": { "call": [0, 0, 0, 0, 0, 0] },
    "12": { "call": [0, 0, 0, 3.5, 0, 0, 0, 0, 2] },
    "13": { "call": [0, 0, 0, 0, 5, 0, 0, -3.0999999999999943] },
    "14": {
      "call": [
        0,
        0,
        8.650000000000006,
        -7.349999999999994,
        8.699999999999989,
        0
      ]
    },
    "total": 17.400000000000006
  },
  "6": {
    "10": { "call": [1.5999999999999943, 1.1999999999999886, 0, 7] },
    "11": { "call": [24.650000000000006, 1.9000000000000057] },
    "12": { "call": [0, 0, 0, 5.449999999999989, 0] },
    "13": { "call": [0, 0, 0, 0, 2.9000000000000057, 0, 0] },
    "14": { "call": [0, 4, 0, 0, 0, 0] },
    "total": 48.69999999999999
  },
  "7": {
    "10": { "call": [0, 0, 3.549999999999983, 0, 0, 0, 0, 0] },
    "11": { "call": [0, 5.900000000000006, 0, -0.6500000000000057, 0, 0] },
    "12": { "call": [0, 0, 0, 0, 5.75, 33.599999999999994, 6.400000000000006] },
    "13": {
      "call": [
        2.75,
        1.1999999999999886,
        0,
        4.150000000000006,
        0,
        12.900000000000006
      ]
    },
    "14": { "call": [0, 0, 2, 0, 6] },
    "total": 83.54999999999998
  },
  "8": {
    "10": {
      "call": [
        3.950000000000017,
        1.049999999999983,
        -1.8500000000000227,
        -1.200000000000017,
        -1,
        0.9000000000000057,
        -1.1500000000000057
      ]
    },
    "11": {
      "call": [
        5.349999999999994,
        0.799999999999983,
        4.049999999999983,
        0.3499999999999943,
        0,
        2.1999999999999886,
        1.9499999999999886,
        0,
        9.75
      ]
    },
    "12": { "call": [8.25, 7.449999999999989, 11.450000000000017] },
    "13": {
      "call": [
        -4.849999999999994,
        6.400000000000006,
        -5.400000000000006,
        0,
        4.649999999999977
      ]
    },
    "14": {
      "call": [
        3.5,
        1.5500000000000114,
        -7.050000000000011,
        3.3999999999999773,
        9.099999999999994,
        -2.3499999999999943,
        -0.4000000000000057
      ]
    },
    "total": 60.84999999999985
  },
  "11": {
    "10": {
      "call": [
        3.799999999999997,
        -1.6500000000000057,
        -0.25,
        1.6000000000000085,
        1.0999999999999943
      ]
    },
    "11": {
      "call": [
        0.5,
        -1.4000000000000057,
        6.049999999999997,
        -0.25,
        -3.450000000000003,
        -3.8499999999999943
      ]
    },
    "12": {
      "call": [
        0.6499999999999915,
        4.699999999999989,
        0.3500000000000085,
        -0.04999999999999716,
        1.0999999999999943,
        -0.5499999999999972,
        5.950000000000003
      ]
    },
    "13": {
      "call": [
        1.25,
        -2,
        8.049999999999997,
        1.3999999999999915,
        -9.5,
        2.799999999999997,
        -3
      ]
    },
    "14": {
      "call": [
        0.25,
        -0.9500000000000028,
        -1.9500000000000028,
        0.8499999999999943,
        0.75,
        0.05000000000001137,
        0.7000000000000028
      ]
    },
    "total": 13.049999999999969
  },
  "13": {
    "10": { "call": [-1.5999999999999943, -1, -1.2000000000000028] },
    "11": {
      "call": [
        -0.10000000000000853,
        -0.75,
        -0.05000000000001137,
        0.09999999999999432
      ]
    },
    "12": {
      "call": [
        -0.5499999999999972,
        2.5,
        -0.3999999999999915,
        -0.5,
        4,
        -0.8500000000000085,
        0.20000000000000284,
        -1.25,
        -1.5499999999999972
      ]
    },
    "13": {
      "call": [
        -1.25,
        0,
        1.6000000000000085,
        0.14999999999999147,
        1.75,
        -2.0500000000000114
      ]
    },
    "14": {
      "call": [
        -2.25,
        -1.9500000000000028,
        1.3999999999999915,
        -6.599999999999994,
        -1.2000000000000028,
        5.299999999999997
      ]
    },
    "total": -8.100000000000037
  },
  "14": {
    "10": {
      "call": [
        -0.5,
        -0.6000000000000014,
        -1.1499999999999986,
        1.1000000000000014,
        0.7999999999999972
      ]
    },
    "11": {
      "call": [
        15.900000000000006,
        0.9500000000000028,
        -3.549999999999997,
        -3.3999999999999986
      ]
    },
    "12": {
      "call": [
        -1.9500000000000028,
        -0.14999999999999858,
        0.44999999999999574,
        5.049999999999997,
        -1,
        0.3500000000000014,
        0
      ]
    },
    "13": {
      "call": [
        -1.3500000000000014,
        -0.6000000000000014,
        3.700000000000003,
        -2.25,
        -1.7999999999999972,
        1.7999999999999972
      ]
    },
    "14": {
      "call": [
        -2.1000000000000014,
        -6,
        0.6000000000000014,
        -3.5,
        1.0500000000000043,
        1,
        8.299999999999997
      ]
    },
    "total": 11.150000000000006
  },
  "15": {
    "10": {
      "call": [
        0.29999999999999716,
        -7.200000000000003,
        5.099999999999994,
        -5.6499999999999915
      ]
    },
    "11": {
      "call": [
        3.5,
        -4,
        -1.2000000000000028,
        2.25,
        1.8499999999999943,
        2.700000000000003
      ]
    },
    "12": { "call": [1, -0.5999999999999943] },
    "13": {
      "call": [
        1.3499999999999943,
        0.5499999999999972,
        -1,
        8.299999999999997,
        -2.799999999999997,
        6.25
      ]
    },
    "14": {
      "call": [
        -1.9000000000000057,
        0.45000000000000284,
        0.6500000000000057,
        -4.200000000000003,
        -10.150000000000006
      ]
    },
    "total": -4.450000000000017
  }
}
