{
  "1": {
    "13": { "call": [0, 0, 3.1999999999999886], "put": [-0.5] },
    "14": { "put": [0, -0.44999999999998863], "call": [0, 0] },
    "total": 2.25
  },
  "4": {
    "10": { "call": [0, 0, 0, 0, 0, 0, 0] },
    "11": { "call": [0, 0, 0, 0, 0, 0, -4.200000000000017], "put": [-2.25] },
    "12": {
      "call": [0, 0, 0, 0, 0, 0, 0, 0],
      "put": [-5.649999999999977, -1.950000000000017, 1, -0.6500000000000057]
    },
    "13": { "call": [0, 0, 0, 0], "put": [4.900000000000006] },
    "14": {
      "call": [
        0,
        12.549999999999983,
        0,
        4.550000000000011,
        -0.39999999999997726,
        0
      ]
    },
    "total": 7.900000000000006
  },
  "5": {
    "10": { "call": [0, 0, 0, 0, 0, 0] },
    "11": {
      "put": [-0.8499999999999943, 1, 2, 2.1500000000000057],
      "call": [0, 0, 0, 0, 0]
    },
    "12": { "put": [1.5500000000000114], "call": [0, 3.5, 0, 0, 0, 0, 2] },
    "13": { "call": [0, 0, 0, 0, 5, 0, 0, -3.0999999999999943] },
    "14": {
      "call": [0, 0, 8.650000000000006, -7.349999999999994, 8.699999999999989],
      "put": [0]
    },
    "total": 23.25000000000003
  },
  "6": {
    "10": {
      "put": [
        1.1999999999999886,
        -0.9000000000000057,
        -0.25,
        1.1500000000000057
      ],
      "call": [1.5999999999999943, 1.1999999999999886, 7]
    },
    "11": { "call": [24.650000000000006, 1.9000000000000057] },
    "12": { "call": [0, 0, 0, 5.449999999999989, 0] },
    "13": { "call": [0, 0, 0, 0, 2.9000000000000057, 0, 0] },
    "14": { "call": [0, 4, 0, 0, 0, 0], "put": [2.3499999999999943] },
    "total": 52.24999999999997
  },
  "7": {
    "10": { "call": [0, 0, 3.549999999999983, 0, 0, 0, 0, 0] },
    "11": {
      "put": [-3.1999999999999886],
      "call": [5.900000000000006, 0, -0.6500000000000057, 0, 0]
    },
    "12": {
      "call": [0, 0, 0, 0, 5.75, 6.400000000000006],
      "put": [5.150000000000006, -2.4499999999999886]
    },
    "13": {
      "call": [
        2.75,
        1.1999999999999886,
        0,
        4.150000000000006,
        0,
        12.900000000000006
      ]
    },
    "14": { "put": [1.5, -2.4000000000000057], "call": [0, 0, 2, 6] },
    "total": 48.55000000000001
  },
  "8": {
    "10": {
      "call": [
        3.950000000000017,
        1.049999999999983,
        -1.8500000000000227,
        -1.200000000000017,
        -1,
        0.9000000000000057,
        -1.1500000000000057
      ],
      "put": [0.4000000000000057]
    },
    "11": {
      "call": [
        5.349999999999994,
        0.799999999999983,
        4.049999999999983,
        0,
        2.1999999999999886,
        1.9499999999999886,
        0
      ],
      "put": [-0.6500000000000057, -0.9000000000000057]
    },
    "12": {
      "call": [10.150000000000006, 8.25, 7.449999999999989, 11.450000000000017],
      "put": [2.9000000000000057]
    },
    "13": {
      "call": [-4.849999999999994, 6.400000000000006, 4.649999999999977],
      "put": [10.25, 5.400000000000006, -7.5]
    },
    "14": {
      "call": [
        3.5,
        1.5500000000000114,
        -7.050000000000011,
        3.3999999999999773,
        9.099999999999994,
        -2.3499999999999943,
        -0.4000000000000057
      ]
    },
    "total": 76.19999999999987
  },
  "11": {
    "10": {
      "put": [-0.29999999999998295, -0.9000000000000057, -0.44999999999998863],
      "call": [
        -1.6500000000000057,
        -0.25,
        1.6000000000000085,
        1.0999999999999943
      ]
    },
    "11": {
      "call": [
        0.5,
        -1.4000000000000057,
        6.049999999999997,
        -0.25,
        -3.299999999999997,
        -3.8499999999999943
      ],
      "put": [-3.1500000000000057]
    },
    "12": {
      "call": [
        0.6499999999999915,
        4.699999999999989,
        -0.04999999999999716,
        -0.5499999999999972,
        5.950000000000003
      ],
      "put": [2.450000000000017, -1]
    },
    "13": {
      "put": [2.3499999999999943],
      "call": [
        -2,
        8.049999999999997,
        1.3999999999999915,
        -9.5,
        2.799999999999997,
        -3
      ]
    },
    "14": {
      "call": [
        0.25,
        -0.9500000000000028,
        -1.9500000000000028,
        0.8499999999999943,
        0.75,
        0.05000000000001137,
        0.7000000000000028
      ],
      "put": [-2.1500000000000057]
    },
    "total": 3.549999999999997
  },
  "13": {
    "10": {
      "call": [-1.5999999999999943, -1, -1.2000000000000028],
      "put": [-1.5]
    },
    "11": {
      "call": [-0.10000000000000853, -0.75, -0.05000000000001137],
      "put": [-1.5500000000000114]
    },
    "12": {
      "call": [
        -0.5499999999999972,
        2.5,
        -0.3999999999999915,
        -0.5,
        4,
        -0.8500000000000085,
        0.20000000000000284,
        -1.25,
        -1.5499999999999972
      ]
    },
    "13": {
      "call": [
        -1.25,
        0,
        1.6000000000000085,
        0.14999999999999147,
        1.75,
        -2.0500000000000114
      ]
    },
    "14": {
      "call": [
        -2.25,
        -1.9500000000000028,
        1.3999999999999915,
        -6.599999999999994
      ],
      "put": [7.949999999999989, -2.8499999999999943]
    },
    "total": -10.250000000000043
  },
  "14": {
    "10": {
      "call": [
        -0.5,
        -0.6000000000000014,
        -1.1499999999999986,
        0.7999999999999972
      ],
      "put": [-2]
    },
    "11": {
      "call": [
        15.900000000000006,
        0.9500000000000028,
        -3.549999999999997,
        -3.3999999999999986
      ]
    },
    "12": {
      "put": [15.75, -2, -0.25],
      "call": [
        -0.14999999999999858,
        0.44999999999999574,
        5.049999999999997,
        -1,
        0.3500000000000014,
        0
      ]
    },
    "13": {
      "call": [
        -1.3500000000000014,
        -0.6000000000000014,
        -2.25,
        -1.7999999999999972,
        1.7999999999999972
      ],
      "put": [-1.1999999999999886]
    },
    "14": {
      "call": [
        -2.1000000000000014,
        -6,
        0.6000000000000014,
        -3.5,
        1.0500000000000043,
        1,
        8.299999999999997
      ]
    },
    "total": 18.600000000000016
  },
  "15": {
    "10": {
      "call": [0.29999999999999716, 5.099999999999994, -5.6499999999999915],
      "put": [-2.6500000000000057]
    },
    "11": {
      "call": [
        3.5,
        -4,
        -1.2000000000000028,
        2.25,
        1.8499999999999943,
        2.700000000000003
      ]
    },
    "12": { "call": [1, -0.5999999999999943] },
    "13": {
      "call": [
        1.3499999999999943,
        0.5499999999999972,
        8.299999999999997,
        -2.799999999999997,
        6.25
      ],
      "put": [-0.5500000000000114, -1]
    },
    "14": {
      "call": [
        -1.9000000000000057,
        0.45000000000000284,
        0.6500000000000057,
        -10.150000000000006
      ],
      "put": [-1.0999999999999943, 2.0999999999999943]
    },
    "total": 4.749999999999972
  }
}
