{
  "1": {
    "10": { "put": [-0.6999999999999886] },
    "11": {
      "put": [
        -3.1000000000000227,
        -0.09999999999999432,
        -0.950000000000017,
        -0.35000000000002274
      ]
    },
    "12": {
      "call": [8.099999999999994, -2.1500000000000057, -2.5999999999999943],
      "put": [-0.29999999999998295]
    },
    "13": { "call": [-2.5500000000000114, 7.299999999999983] },
    "14": {
      "put": [-4.599999999999994, -0.15000000000000568, 0.950000000000017],
      "call": [-2, 30.19999999999999]
    },
    "total": 26.999999999999943
  },
  "4": {
    "10": { "call": [12.5] },
    "11": { "put": [8.800000000000011] },
    "12": {
      "call": [-3.8499999999999943, -4.300000000000011, -3.4499999999999886]
    },
    "13": { "call": [12.099999999999994] },
    "14": { "put": [-2.1499999999999773, -1.6999999999999886] },
    "total": 17.950000000000045
  },
  "5": {
    "10": { "call": [-3.75] },
    "11": { "call": [-2, -2.5, -0.5] },
    "12": { "call": [0.29999999999998295, -3.8000000000000114] },
    "13": {
      "call": [-1.8000000000000114, 3.6500000000000057],
      "put": [-2.75, -1.299999999999983]
    },
    "14": {
      "put": [1.25, -1.450000000000017, 0.19999999999998863],
      "call": [5.300000000000011, 10.5]
    },
    "total": 1.349999999999966
  },
  "6": {
    "10": { "call": [-4.149999999999977, 9.25] },
    "12": { "put": [-2.549999999999997, -1.75] },
    "13": {
      "put": [
        -1.9000000000000057,
        -1,
        -2.450000000000003,
        -0.29999999999999716
      ],
      "call": [9.5]
    },
    "14": {
      "put": [0.14999999999999147],
      "call": [-6.150000000000006, -12.800000000000011]
    },
    "total": -14.150000000000006
  },
  "7": {
    "10": { "call": [-3, 0.4000000000000057, -4.5] },
    "11": {
      "call": [-2.9000000000000057, -2.0500000000000114, -6.900000000000006]
    },
    "12": { "call": [-4.699999999999989, 17.450000000000017] },
    "13": { "put": [-0.5499999999999972], "call": [12.050000000000011] },
    "14": {
      "put": [-1.25, -0.9000000000000057],
      "call": [-5.650000000000006, -1.4000000000000057, -21.44999999999999]
    },
    "total": -25.34999999999998
  },
  "8": {
    "10": {
      "put": [-0.8499999999999943, 0.14999999999999147],
      "call": [0.10000000000002274]
    },
    "11": {
      "call": [
        -4.349999999999994,
        -3.0500000000000114,
        -2.75,
        -0.8000000000000114,
        -2.0500000000000114,
        -0.5
      ]
    },
    "12": { "call": [8.450000000000017, 23.25], "put": [0.15000000000000568] },
    "13": { "put": [19.099999999999994], "call": [0.10000000000002274] },
    "14": { "call": [-4.099999999999994, -4, -8.5] },
    "total": 20.350000000000037
  },
  "11": {
    "10": {
      "put": [-0.75],
      "call": [-1.25, -4.599999999999994, -2.5500000000000114]
    },
    "11": { "call": [-1.549999999999983, -4.599999999999994] },
    "12": {
      "call": [-4, -0.6500000000000057, 0.4000000000000057, 5.299999999999983]
    },
    "13": { "put": [-0.4000000000000057, -7.050000000000011, -2, -2.75, -4.5] },
    "14": {
      "put": [-0.9000000000000057],
      "call": [0.44999999999998863, -8.449999999999989, 21.94999999999999]
    },
    "total": -17.900000000000034
  },
  "13": {
    "10": {
      "put": [
        -1.8499999999999943,
        -1.7000000000000028,
        -1.0499999999999972,
        -0.29999999999999716
      ],
      "call": [-0.25, -2.1499999999999773]
    },
    "11": { "call": [-3.4000000000000057, -6.400000000000006, -1.5] },
    "12": { "call": [3.5], "put": [-1.1000000000000085, -1.75] },
    "13": { "put": [-1.4500000000000028], "call": [-2.6500000000000057] },
    "14": { "call": [-3.700000000000017] },
    "total": -25.750000000000014
  },
  "14": {
    "10": { "call": [-3.25, 10.25] },
    "11": {
      "put": [0.09999999999999432],
      "call": [-2.049999999999997, -3.1000000000000085]
    },
    "12": { "call": [-5.049999999999997, -0.7000000000000028] },
    "13": { "call": [-1.6999999999999886, 44.05] },
    "total": 38.55
  },
  "15": {
    "10": {
      "put": [0.3499999999999943, -1.9500000000000028],
      "call": [-7.949999999999989]
    },
    "11": { "call": [-1.9499999999999886, -3.75, 6.699999999999989] },
    "12": { "put": [0.09999999999999432] },
    "13": {
      "put": [-0.4000000000000057, -1.4500000000000028],
      "call": [-1.75, -1.3500000000000227, 4.849999999999994]
    },
    "14": { "call": [-3.8499999999999943, -1.3000000000000114] },
    "total": -13.700000000000045
  }
}
