{
  "1": {
    "13": { "put": [-0.58] },
    "14": { "put": [-0.08, -0.5299999999999886] },
    "total": -1.1899999999999884
  },
  "4": {
    "11": { "put": [-0.7300000000000056, 3.3200000000000056, -2.33] },
    "12": {
      "put": [
        -5.729999999999977,
        -2.030000000000017,
        -0.42999999999999433,
        0.92,
        -0.7300000000000056
      ]
    },
    "13": { "put": [4.820000000000006, 0.92] },
    "total": -1.9999999999999893
  },
  "5": {
    "11": {
      "put": [
        -0.9299999999999943,
        0.92,
        6.869999999999989,
        -0.029999999999988633,
        1.92,
        2.0700000000000056
      ]
    },
    "12": { "put": [1.4700000000000113] },
    "13": { "put": [-0.6799999999999943, -1.9800000000000058] },
    "14": { "put": [-0.08] },
    "total": 9.550000000000022
  },
  "6": {
    "10": {
      "put": [
        1.1199999999999886,
        -0.9800000000000056,
        -0.33,
        -0.029999999999988633,
        1.0700000000000056
      ]
    },
    "11": { "put": [-2.9299999999999944] },
    "14": { "put": [2.2699999999999942] },
    "total": 0.1899999999999995
  },
  "7": {
    "11": { "put": [-3.2799999999999887] },
    "12": {
      "put": [-2.030000000000017, 5.070000000000006, -2.5299999999999887]
    },
    "14": { "put": [1.42, -2.4800000000000058] },
    "total": -3.8299999999999947
  },
  "8": {
    "10": { "put": [0.32000000000000567, 0.42] },
    "11": { "put": [-0.7300000000000056, 0.42, -0.9800000000000056] },
    "12": { "put": [2.8200000000000056] },
    "13": { "put": [10.17, 5.320000000000006, -7.58] },
    "14": { "put": [0.16999999999999998] },
    "total": 10.350000000000005
  },
  "11": {
    "10": {
      "put": [-0.37999999999998296, -0.9800000000000056, -0.5299999999999886]
    },
    "11": { "put": [-3.2300000000000058] },
    "12": { "put": [-0.7799999999999886, 2.370000000000017, -1.08] },
    "13": { "put": [2.2699999999999942] },
    "14": { "put": [-1.4799999999999773, -2.2300000000000058] },
    "total": -6.049999999999944
  },
  "13": {
    "10": { "put": [-1.58, -0.27999999999998865] },
    "11": { "put": [-1.6300000000000114] },
    "13": { "put": [0.8199999999999773] },
    "14": {
      "put": [
        -0.2300000000000057,
        2.5700000000000056,
        7.869999999999989,
        -2.9299999999999944
      ]
    },
    "total": 4.609999999999971
  },
  "14": {
    "10": { "put": [-2.08] },
    "12": {
      "put": [15.67, -2.08, -2.4299999999999944, -0.33, -0.27999999999998865]
    },
    "13": { "put": [-1.2799999999999887] },
    "14": { "put": [-5.08] },
    "total": 2.110000000000028
  },
  "15": {
    "10": { "put": [-2.7300000000000058] },
    "13": { "put": [-0.6300000000000113, -1.08, -0.3799999999999972] },
    "14": { "put": [-1.1799999999999944, 2.0199999999999942] },
    "total": -3.9800000000000146
  }
}
