{
  "1": {
    "11": {
      "put": [
        -3.1000000000000227,
        -0.09999999999999432,
        -0.950000000000017,
        0.39999999999997726
      ]
    },
    "12": { "put": [1.1500000000000057, -1.1500000000000057, -0.25] },
    "13": {
      "put": [-0.15000000000000568, -1.9499999999999886, -0.8000000000000114]
    },
    "total": -6.9000000000000625
  },
  "4": {
    "11": {
      "put": [-1.4000000000000057, -2.4499999999999886, 0.700000000000017]
    },
    "12": {
      "put": [-1.5999999999999943, -0.30000000000001137, 0.6500000000000057]
    },
    "13": {
      "put": [
        0,
        4.800000000000011,
        0.44999999999998863,
        0.45000000000001705,
        -0.8999999999999773
      ]
    },
    "total": 0.40000000000006253
  },
  "5": {
    "11": {
      "put": [0.5999999999999943, -0.4000000000000057, -0.5999999999999943]
    },
    "12": { "put": [-0.8000000000000114, 0.05000000000001137] },
    "13": { "put": [6.350000000000023, -2.75, -1.299999999999983] },
    "total": 1.150000000000034
  },
  "6": {
    "11": { "put": [0.45000000000001705] },
    "12": { "put": [-2.549999999999997, 2.3499999999999943] },
    "13": {
      "put": [
        -1.9000000000000057,
        -1,
        -2.450000000000003,
        -0.29999999999999716,
        -0.15000000000000568
      ]
    },
    "total": -5.549999999999997
  },
  "7": {
    "11": {
      "put": [
        1.1500000000000057,
        0,
        -0.3999999999999915,
        -0.20000000000000284,
        -0.5999999999999943,
        -0.45000000000000284,
        -0.3499999999999943,
        0.3500000000000085,
        -1.0999999999999943
      ]
    },
    "12": {
      "put": [-0.5999999999999943, -0.8999999999999915, -0.45000000000000284]
    },
    "13": { "put": [-0.5499999999999972, 0.25] },
    "total": -3.8499999999999517
  },
  "8": {
    "11": {
      "put": [
        -0.6500000000000057,
        -0.25,
        0.9500000000000028,
        0.45000000000000284,
        0.3500000000000085,
        -0.20000000000000284,
        -0.8999999999999915
      ]
    },
    "12": { "put": [0.15000000000000568] },
    "13": { "put": [2.0999999999999943, -2] },
    "total": 1.4210854715202004e-14
  },
  "11": {
    "11": {
      "put": [
        0.3499999999999943,
        0.05000000000001137,
        4.200000000000017,
        0.19999999999998863,
        -0.44999999999998863
      ]
    },
    "12": {
      "put": [
        1.3000000000000114,
        -1.5,
        -1.1500000000000057,
        0,
        -2.5500000000000114
      ]
    },
    "13": { "put": [0.5, 3.9499999999999886, -2, -2.75, -4.5] },
    "total": -4.349999999999994
  },
  "13": {
    "11": {
      "put": [
        -1.4999999999999858,
        0.45000000000001705,
        0.09999999999999432,
        1.2000000000000028,
        -1.1999999999999886,
        -0.3500000000000085
      ]
    },
    "12": { "put": [-1.1000000000000085, 1.0999999999999943] },
    "13": {
      "put": [
        -0.5,
        -2.450000000000017,
        -1.8499999999999943,
        0.19999999999998863
      ]
    },
    "total": -5.900000000000006
  },
  "14": {
    "11": {
      "put": [0.09999999999999432, -1.0499999999999972, 0.8999999999999915]
    },
    "12": {
      "put": [
        -0.4000000000000057,
        -1.75,
        -0.44999999999998863,
        1.1500000000000057
      ]
    },
    "13": {
      "put": [
        -1,
        -2.5,
        -0.09999999999999432,
        0.05000000000001137,
        -1.5999999999999943,
        -0.6999999999999886,
        -0.5999999999999943,
        -0.5999999999999943
      ]
    },
    "total": -8.549999999999955
  },
  "15": {
    "11": { "put": [2, -1.2000000000000028, 0.75, -0.8000000000000114] },
    "12": {
      "put": [0.6500000000000057, -0.6500000000000057, 2.299999999999997]
    },
    "13": {
      "put": [
        -0.4000000000000057,
        -0.29999999999999716,
        0.3500000000000085,
        -1.4500000000000028
      ]
    },
    "total": 1.2499999999999858
  }
}
