{
  "1": {
    "11": { "call": [-1.5500000000000114] },
    "12": {
      "call": [8.099999999999994, -2.1500000000000057, -2.5999999999999943]
    },
    "13": { "call": [-2.5500000000000114, 38.599999999999994] },
    "total": 37.849999999999966
  },
  "4": {
    "11": { "call": [-2.8499999999999943, 7.900000000000006] },
    "12": {
      "call": [-3.8499999999999943, -4.300000000000011, -3.4499999999999886]
    },
    "13": { "call": [13.449999999999989] },
    "15": { "call": [-2.8499999999999943, -8.950000000000017] },
    "total": -4.900000000000006
  },
  "5": {
    "11": { "call": [-2, -2.5, -0.5] },
    "12": { "call": [0.29999999999998295, -3.8000000000000114] },
    "13": {
      "call": [
        -1.8000000000000114,
        3.6500000000000057,
        -3.5,
        -8.700000000000017
      ]
    },
    "total": -18.85000000000005
  },
  "6": {
    "11": { "call": [7.25] },
    "12": { "call": [-2.9499999999999886, 17.69999999999999] },
    "13": { "call": [3.3499999999999943] },
    "total": 25.349999999999994
  },
  "7": {
    "11": {
      "call": [
        -1.6999999999999886,
        -2.9499999999999886,
        -2.9000000000000057,
        -2.0500000000000114,
        -6.900000000000006
      ]
    },
    "12": { "call": [-4.699999999999989, 17.450000000000017] },
    "13": { "call": [7.650000000000006] },
    "total": 3.900000000000034
  },
  "8": {
    "11": {
      "call": [
        -4.349999999999994,
        -3.0500000000000114,
        -2.75,
        -0.8000000000000114,
        -2.0500000000000114,
        -0.5
      ]
    },
    "12": { "call": [8.450000000000017, 23.25] },
    "13": { "call": [0.10000000000002274] },
    "total": 18.30000000000001
  },
  "11": {
    "11": {
      "call": [-0.6500000000000057, -1.549999999999983, -4.599999999999994]
    },
    "12": {
      "call": [-4, -0.6500000000000057, 0.4000000000000057, 5.299999999999983]
    },
    "13": { "call": [-1.6500000000000057, 11.25] },
    "total": 3.8499999999999943
  },
  "13": {
    "11": { "call": [-3.4000000000000057, -6.400000000000006, -1.5] },
    "12": { "call": [3.5, -4.099999999999994] },
    "13": { "call": [-1.950000000000017, -2.6500000000000057] },
    "15": { "call": [-1.5999999999999943, -0.7999999999999972] },
    "total": -18.90000000000002
  },
  "14": {
    "11": { "call": [-2.049999999999997, -3.1000000000000085] },
    "12": { "call": [-5.049999999999997, -0.7000000000000028] },
    "13": { "call": [-1.6999999999999886, 21.75] },
    "15": { "call": [-4.299999999999997, 27.349999999999994] },
    "total": 32.2
  },
  "15": {
    "11": { "call": [-1.9499999999999886, -3.75, 6.699999999999989] },
    "13": { "call": [6.799999999999983] },
    "total": 7.799999999999983
  }
}
